geocode;municipality;Disease_Burden;deorg;tot2010;prop_urb2010;prop_rur2010;ipm
1100015;Alta Floresta D'Oeste;3420.0;0.0447758429047795;24392.0;0.572728763529026;0.427271236470974;0.1749656045
1100023;Ariquemes;79733.0;0.0601202404809615;90353.0;0.846955828804799;0.153044171195201;0.1338465335
1100031;Cabixi;472.0;0.050256449513894005;6313.0;0.426580072865516;0.573419927134484;0.16321114975
1100049;Cacoal;12135.0;0.023383478490367;78574.0;0.788059663501922;0.211940336498078;0.1335235005
1100056;Cerejeiras;1435.0;0.024317570165321;17029.0;0.846732045334429;0.15326795466557;0.17013535775
1100064;Colorado do Oeste;954.0;0.017139606002417998;18591.0;0.734602764778656;0.265397235221344;0.148286593
1100072;Corumbiara;386.0;0.025607056613898498;8783.0;0.294887851531367;0.705112148468633;0.18633976124999999
1100080;Costa Marques;7410.0;0.100681010882599;13678.0;0.548106448311157;0.451893551688843;0.21219747975
1100098;Espigão D'Oeste;4958.0;0.030887123313431502;28729.0;0.71739357443698;0.28260642556302;0.17039902875
1100106;Guajará-Mirim;30881.0;0.0075186197793909995;41656.0;0.845184367198003;0.154815632801997;0.207456771
1100114;Jaru;15416.0;0.025178260721231;52005.0;0.675281222959331;0.324718777040669;0.150551137
1100122;Ji-Paraná;21311.0;0.009815798692199501;116610.0;0.899219620958751;0.100780379041249;0.14450318750000002
1100130;Machadinho D'Oeste;83831.0;0.0940012520407035;31135.0;0.519447567046732;0.480552432953268;0.20218881525
1100148;Nova Brasilândia D'Oeste;2229.0;0.044695525909792005;19874.0;0.421656435543927;0.578343564456073;0.170984113
1100155;Ouro Preto do Oeste;7588.0;0.016323633782825;37928.0;0.742986711664206;0.257013288335794;0.14455512275000001
1100189;Pimenta Bueno;4027.0;0.048860962873701994;33822.0;0.869759328247886;0.130240671752114;0.142336839
1100205;Porto Velho;479070.0;0.070015200205861;428527.0;0.91180485710352;0.0881951428964803;0.11896564475
1100254;Presidente Médici;5503.0;0.019474196689386998;22319.0;0.596039249070299;0.403960750929701;0.16063619175
1100262;Rio Crespo;6903.0;0.06479594807009399;3316.0;0.32086851628468;0.67913148371532;0.15867303249999998
1100288;Rolim de Moura;3428.0;0.021515975526852502;50648.0;0.817978992260306;0.182021007739694;0.1369748645
1100296;Santa Luzia D'Oeste;535.0;0.0260149130074565;8886.0;0.509227999099707;0.490772000900293;0.177654329
1100304;Vilhena;5643.0;0.019241071879833;76202.0;0.947717907666465;0.0522820923335345;0.15082143950000002
1100320;São Miguel do Guaporé;2543.0;0.046076114028269;21828.0;0.388033718160161;0.611966281839839;0.195511657
1100338;Nova Mamoré;63345.0;0.110730696969011;22546.0;0.579570655548656;0.420429344451344;0.204144923
1100346;Alvorada D'Oeste;4102.0;0.036535285452841;16853.0;0.523586305108883;0.476413694891117;0.175274847
1100379;Alto Alegre dos Parecis;936.0;0.058474271320619;12816.0;0.285346441947566;0.714653558052434;0.185242259
1100403;Alto Paraíso;38021.0;0.10358416213173201;17135.0;0.478669390137146;0.521330609862854;0.169814891
1100452;Buritis;77676.0;0.175629135071448;32383.0;0.559614612605379;0.440385387394621;0.20935737975
1100502;Novo Horizonte do Oeste;1065.0;0.036995515695067496;10240.0;0.16923828125;0.83076171875;0.151830986
1100601;Cacaulândia;1882.0;0.081640002057719;5736.0;0.360704323570432;0.639295676429568;0.17408415225
1100700;Campo Novo de Rondônia;39721.0;0.11136844068639651;12665.0;0.266166600868535;0.733833399131465;0.21607028125
1100809;Candeias do Jamari;69740.0;0.067628019176158;19779.0;0.651549623337884;0.348450376662116;0.17547444675
1100908;Castanheiras;903.0;0.0301258492036975;3575.0;0.233846153846154;0.766153846153846;0.150010938
1100924;Chupinguaia;1180.0;0.052996773659828;8301.0;0.441272135887243;0.558727864112758;0.16183316925000002
1100940;Cujubim;42145.0;0.122898298134099;15854.0;0.696543459063959;0.303456540936041;0.218078968
1101005;Governador Jorge Teixeira;2168.0;0.021003724997975502;10512.0;0.224600456621005;0.775399543378995;0.1856076695
1101104;Itapuã do Oeste;42598.0;0.033005277784859996;8566.0;0.609619425636236;0.390380574363764;0.170643751
1101203;Ministro Andreazza;625.0;0.0190298507462685;10352.0;0.296947449768161;0.703052550231839;0.1452912225
1101302;Mirante da Serra;3133.0;0.042949429696174504;11878.0;0.542515575012628;0.457484424987372;0.185710662
1101401;Monte Negro;12896.0;0.10218290320892001;14091.0;0.524448229366262;0.475551770633738;0.181365125
1101435;Nova União;830.0;0.0354544333456655;7493.0;0.20565861470706;0.79434138529294;0.17745287599999998
1101450;Parecis;453.0;0.075410150628418;4810.0;0.368814968814969;0.631185031185031;0.17934375824999998
1101468;Pimenteiras do Oeste;556.0;0.035541444037262;2315.0;0.558099352051836;0.441900647948164;0.19240105225
1101476;Primavera de Rondônia;156.0;0.0187051754215935;3524.0;0.364358683314415;0.635641316685585;0.186050741
1101484;São Felipe D'Oeste;266.0;0.012614259597805998;6018.0;0.239946826188102;0.760053173811898;0.15193319225000002
1101492;São Francisco do Guaporé;5778.0;0.065526724105307;16035.0;0.513065169940755;0.486934830059245;0.21301582125000001
1101500;Seringueiras;1639.0;0.066154830454255;11629.0;0.378106457992949;0.621893542007051;0.201150611
1101559;Teixeirópolis;538.0;0.0217672413793105;4888.0;0.351063829787234;0.648936170212766;0.17153106499999998
1101609;Theobroma;9806.0;0.059934133357394;10649.0;0.185745140388769;0.814254859611231;0.1944944385
1101708;Urupá;1788.0;0.0328938517422305;12974.0;0.395945737629104;0.604054262370896;0.18798755125
1101757;Vale do Anari;15255.0;0.076203080651848;9384.0;0.340153452685422;0.659846547314578;0.23465370925
1101807;Vale do Paraíso;2063.0;0.034079191585894;8210.0;0.277222898903776;0.722777101096224;0.180961427
1200013;Acrelândia;11751.0;0.1264184113792555;12538.0;0.471845589408199;0.528154410591801;0.2187965255
1200054;Assis Brasil;615.0;0.015766159585009;6072.0;0.60935441370224;0.39064558629776;0.232711288
1200104;Brasiléia;2115.0;0.043800306157721;21398.0;0.666277222170296;0.333722777829704;0.23086070600000003
1200138;Bujari;2340.0;0.0493491009860155;8471.0;0.43595797426514;0.56404202573486;0.20700983
1200179;Capixaba;3800.0;0.062564161058515;8798.0;0.446578767901796;0.553421232098204;0.22102409375
1200203;Cruzeiro do Sul;308627.0;0.010001202987784001;78507.0;0.704726967022049;0.295273032977951;0.20599747
1200252;Epitaciolândia;1290.0;0.047179275345214;15100.0;0.70317880794702;0.29682119205298;0.2233608385
1200302;Feijó;1724.0;0.006699381780568;32412.0;0.513266691348883;0.486733308651117;0.27892015025
1200328;Jordão;2766.0;0.005496851318177;6577.0;0.345446252090619;0.654553747909381;0.286710582
1200336;Mâncio Lima;106841.0;0.008664810990392501;15206.0;0.575430751019334;0.424569248980666;0.25167681125
1200344;Manoel Urbano;406.0;0.0095190290138195;7981.0;0.661320636511715;0.338679363488285;0.3048708345
1200351;Marechal Thaumaturgo;2196.0;0.0045313842496145;14227.0;0.27897659380052;0.72102340619948;0.281195183
1200385;Plácido de Castro;18406.0;0.111590038314176;17209.0;0.603288976698239;0.396711023301761;0.18603495225
1200393;Porto Walter;5364.0;0.005543537047052001;9176.0;0.362140366172624;0.637859633827376;0.27915170325
1200401;Rio Branco;34786.0;0.0387531823369325;336038.0;0.918184848142174;0.0818151518578256;0.15424675575
1200427;Rodrigues Alves;97309.0;0.0188998589562765;14389.0;0.299881854194176;0.700118145805824;0.236220144
1200435;Santa Rosa do Purus;154.0;0.0033734326268219997;4691.0;0.403325516947346;0.596674483052654;0.2738601605
1200450;Senador Guiomard;11194.0;0.0701342281879195;20179.0;0.629515833292036;0.370484166707964;0.17628296275
1200500;Sena Madureira;2428.0;0.014618705270139;38029.0;0.660338162980883;0.339661837019117;0.2669121
1200609;Tarauacá;21776.0;0.0080159135634275;35590.0;0.543720146108457;0.456279853891543;0.28307583725
1200708;Xapuri;3076.0;0.0327574316721715;16091.0;0.641973774159468;0.358026225840532;0.20339613425
1200807;Porto Acre;4689.0;0.0759943707873495;14880.0;0.133198924731183;0.866801075268817;0.19050157875
1300029;Alvarães;27402.0;0.004649297913361;14088.0;0.559838160136286;0.440161839863714;0.27057410675
1300060;Amaturá;422.0;0.019750249316241912;9467.0;0.523925213900919;0.476074786099081;0.28786040975
1300086;Anamã;2652.0;0.0043486097967645;10214.0;0.408654787546505;0.591345212453495;0.26179574825
1300102;Anori;1108.0;0.02004898045724291;16317.0;0.612857755714899;0.387142244285101;0.27373710875
1300144;Apuí;14617.0;0.00987532575992;18007.0;0.588382295773866;0.411617704226134;0.237660928
1300201;Atalaia do Norte;32854.0;0.03838107893965282;15153.0;0.454893420444796;0.545106579555204;0.29036031675
1300300;Autazes;40620.0;0.0207324602736165;32135.0;0.432332347907266;0.567667652092734;0.239376011
1300409;Barcelos;55579.0;0.03838107893965282;25718.0;0.433820670347616;0.566179329652383;0.2390414485
1300508;Barreirinha;151.0;0.008521822236381;27355.0;0.453957229025772;0.546042770974228;0.27224667775
1300607;Benjamin Constant;6225.0;0.03838107893965282;33411.0;0.60273562599144;0.39726437400856;0.253193804
1300631;Beruri;11518.0;0.01978616569242741;15486.0;0.502260105902105;0.497739894097895;0.28848370175
1300680;Boa Vista do Ramos;92.0;0.008049954860066;14979.0;0.504038987916416;0.495961012083584;0.2655390205
1300706;Boca do Acre;24396.0;0.023424183199022;30632.0;0.631627056672761;0.368372943327239;0.27586926375
1300805;Borba;61194.0;0.03838107893965282;34961.0;0.412860044049083;0.587139955950917;0.25372532875
1300839;Caapiranga;19278.0;0.02075101197418891;10975.0;0.468337129840547;0.531662870159453;0.254721209
1300904;Canutama;12970.0;0.008991961913961;12738.0;0.524572146333804;0.475427853666196;0.28873980825
1301001;Carauari;5883.0;0.01971649155827841;25774.0;0.766043299449057;0.233956700550943;0.28476324649999996
1301100;Careiro;101871.0;0.0119920402178465;32734.0;0.288293517443637;0.711706482556363;0.228138132
1301159;Careiro da Várzea;8213.0;0.053123802223074;23930.0;0.0417885499373172;0.958211450062683;0.16737050375
1301209;Coari;81027.0;0.03838107893965282;75965.0;0.653603633252156;0.346396366747844;0.26094565925
1301308;Codajás;5883.0;0.01977184122804041;23206.0;0.681116952512281;0.318883047487719;0.26169186275
1301407;Eirunepé;10767.0;0.02157769082440341;30665.0;0.722843632806131;0.277156367193869;0.30309940625
1301506;Envira;453.0;0.008305497294078;16338.0;0.645856285959114;0.354143714040886;0.30067150225
1301605;Fonte Boa;1854.0;0.02001781052584441;22817.0;0.662444668448964;0.337555331551037;0.309023488
1301654;Guajará;49954.0;0.0095829579096405;13974.0;0.531487047373694;0.468512952626306;0.3102211255
1301704;Humaitá;55259.0;0.002768858722159;44227.0;0.689646595970787;0.310353404029213;0.264498399
1301803;Ipixuna;17170.0;0.0030986096394055;22254.0;0.426844612204548;0.573155387795452;0.326631245
1301852;Iranduba;60596.0;0.036553379094816006;40781.0;0.710600524754175;0.289399475245825;0.184576122
1301902;Itacoatiara;56397.0;0.020217414970218;86839.0;0.669710613894679;0.330289386105321;0.218695458
1301951;Itamarati;1183.0;0.03838107893965282;8038.0;0.556357302811645;0.443642697188355;0.34253606175
1302009;Itapiranga;12327.0;0.0031020220588235;8211.0;0.785653391791499;0.214346608208501;0.25004557125
1302108;Japurá;6472.0;0.03838107893965282;7326.0;0.45017745017745;0.54982254982255;0.2346654015
1302207;Juruá;5171.0;0.01983388062520391;10802.0;0.526384002962414;0.473615997037586;0.3047656855
1302306;Jutaí;27811.0;0.03838107893965282;17992.0;0.586482881280569;0.413517118719431;0.29389647575
1302405;Lábrea;48563.0;0.019376746421134503;37701.0;0.642078459457309;0.357921540542691;0.283928024
1302504;Manacapuru;81882.0;0.0142280368026705;85141.0;0.706757026579439;0.293242973420561;0.23512286175
1302553;Manaquiri;14033.0;0.0056548856548855;22801.0;0.309723257751853;0.690276742248147;0.22971218875
1302603;Manaus;678111.0;0.0072519276319105;1802014.0;0.994931781884048;0.0050682181159524;0.17354566175
1302702;Manicoré;62415.0;0.008355169060014999;47017.0;0.432800901801476;0.567199098198524;0.24765630875
1302801;Maraã;7818.0;0.02019634401186341;17528.0;0.499372432679142;0.500627567320858;0.2685941195
1302900;Maués;4131.0;0.0028929553767569997;52236.0;0.494524848763305;0.505475151236695;0.26823196675
1303007;Nhamundá;3096.0;0.0019482568228425;18278.0;0.383521172994857;0.616478827005143;0.25395321275
1303106;Nova Olinda do Norte;4131.0;0.006514525355754;30696.0;0.443901485535575;0.556098514464425;0.29789584375
1303205;Novo Airão;24893.0;0.03838107893965282;14723.0;0.645181009305169;0.354818990694831;0.24310258375000002
1303304;Novo Aripuanã;30653.0;0.0067817525031555;21451.0;0.656099948720339;0.343900051279661;0.26993895975
1303403;Parintins;3035.0;0.0150996814910935;102033.0;0.684974469044329;0.315025530955671;0.26374779125
1303502;Pauini;4285.0;0.0010812676542479999;18166.0;0.509963668391501;0.490036331608499;0.31620984075
1303536;Presidente Figueiredo;68975.0;0.004067280635589;27175.0;0.478417663293468;0.521582336706532;0.12854037100000001
1303569;Rio Preto da Eva;57188.0;0.0055352453529685;25719.0;0.474551887709475;0.525448112290524;0.16478091725000002
1303601;Santa Isabel do Rio Negro;27632.0;0.03838107893965282;18146.0;0.37782431389838;0.62217568610162;0.29926795725
1303700;Santo Antônio do Içá;7897.0;0.01995769530144791;24481.0;0.528859115232221;0.471140884767779;0.28259832575
1303809;São Gabriel da Cachoeira;40368.0;0.01976797744291041;37896.0;0.502797128984589;0.497202871015411;0.223979075
1303908;São Paulo de Olivença;9028.0;0.02093881771892091;31422.0;0.453917637324168;0.546082362675832;0.306678673
1303957;São Sebastião do Uatumã;17556.0;0.0025684506986385002;10705.0;0.551517982251284;0.448482017748716;0.311592886
1304005;Silves;11379.0;0.006814506814507;8444.0;0.477143533870204;0.522856466129796;0.23599275325000002
1304062;Tabatinga;24383.0;0.0034358990091115;52272.0;0.695496632996633;0.304503367003367;0.257773344
1304104;Tapauá;28459.0;0.03838107893965282;19077.0;0.556586465377156;0.443413534622844;0.28915973525
1304203;Tefé;74444.0;0.0020910261914985;61453.0;0.81475273786471;0.18524726213529;0.25417987999999997
1304237;Tonantins;882.0;0.02014498284486641;17079.0;0.521049241758885;0.478950758241115;0.30526977
1304260;Uarini;19159.0;0.002723091818622;11891.0;0.571440585316626;0.428559414683374;0.27128244025
1304302;Urucará;8264.0;0.01973059848658491;17094.0;0.578331578331578;0.421668421668422;0.22807148725
1304401;Urucurituba;190.0;0.028901734104046;17837.0;0.585748724561305;0.414251275438695;0.258086616
1400027;Amajari;7682.0;0.0053473487788075;9327.0;0.130695829312748;0.869304170687252;0.18471686525
1400050;Alto Alegre;10322.0;0.005705508961771;16448.0;0.290612840466926;0.709387159533074;0.23332102375
1400100;Boa Vista;67330.0;0.016593362654938;284313.0;0.97708863119168;0.0229113688083204;0.16827391525
1400159;Bonfim;12042.0;0.0620746123535135;10943.0;0.339120899204971;0.660879100795029;0.20815101325
1400175;Cantá;32192.0;0.035944639525146;13902.0;0.16235074090059;0.83764925909941;0.1493011465
1400209;Caracaraí;32371.0;0.005386966838394;18398.0;0.592999239047723;0.407000760952277;0.17979801525
1400233;Caroebe;8941.0;0.014666233960756999;8114.0;0.409662312053241;0.590337687946759;0.17619211975
1400282;Iracema;10284.0;0.0069194849299565;8696.0;0.468951241950322;0.531048758049678;0.222544575
1400308;Mucajaí;16788.0;0.021382971149206002;14792.0;0.604042725797729;0.395957274202272;0.17985650450000001
1400407;Normandia;2277.0;0.0181242807825085;8940.0;0.258501118568233;0.741498881431767;0.22712886125
1400456;Pacaraima;4627.0;0.02672927606100641;10433.0;0.43266558036998;0.56733441963002;0.18255929925
1400472;Rorainópolis;36889.0;0.0071778083004265;24279.0;0.439598006507682;0.560401993492318;0.193642322
1400506;São João da Baliza;4699.0;0.018259635737712502;6769.0;0.702467129561235;0.297532870438765;0.16149263575
1400605;São Luiz;4847.0;0.051175972376050496;6750.0;0.66;0.34;0.1705094805
1400704;Uiramutã;5191.0;0.003384912959381;8375.0;0.135880597014925;0.864119402985075;0.31059782175
1500107;Abaetetuba;2207.0;0.012186922171793999;141100.0;0.58822111977321;0.411778880226789;0.2170621995
1500131;Abel Figueiredo;254.0;0.0282559272491065;6780.0;0.889970501474926;0.110029498525074;0.23811180275
1500206;Acará;628.0;0.0414890861569615;53569.0;0.235602680654856;0.764397319345144;0.245620272
1500305;Afuá;6248.0;0.01979749423768941;35042.0;0.270475429484618;0.729524570515382;0.25657316825
1500347;Água Azul do Norte;466.0;0.044018010291595;25057.0;0.194596320389512;0.805403679610488;0.19102496549999998
1500404;Alenquer;23268.0;0.005464111197265;52626.0;0.526773838026831;0.473226161973169;0.27629536825
1500503;Almeirim;5752.0;0.0019981348813335;33614.0;0.593948949842328;0.406051050157672;0.19404661125
1500602;Altamira;49108.0;0.0166981534325985;99075.0;0.848771132980066;0.151228867019934;0.208097804
1500701;Anajás;113785.0;0.03010247055555991;24759.0;0.383456520861101;0.616543479138899;0.28149047975
1500800;Ananindeua;5629.0;0.0438175270108045;471980.0;0.997540150006356;0.0024598499936438;0.1673335195
1500859;Anapu;17694.0;0.056272810997032505;20543.0;0.478654529523439;0.521345470476561;0.2684957025
1500909;Augusto Corrêa;26079.0;0.02758111846884491;40497.0;0.450403733609897;0.549596266390103;0.29786712774999996
1500958;Aurora do Pará;3618.0;0.088034992525331;26546.0;0.307692307692308;0.692307692307692;0.2460639385
1501006;Aveiro;678.0;0.009716725491036;15849.0;0.200580478263613;0.799419521736387;0.288132468
1501105;Bagre;899.0;0.018581990892621;23864.0;0.446739859202145;0.553260140797854;0.294524923
1501204;Baião;6801.0;0.0344218310320005;36882.0;0.50309093866927;0.49690906133073;0.23751584725
1501253;Bannach;187.0;0.0879696656325405;3431.0;0.373651996502477;0.626348003497523;0.227541839
1501303;Barcarena;1979.0;0.060536690830472;99859.0;0.363482510339579;0.636517489660421;0.15172324125
1501402;Belém;21998.0;0.03208722741433;1393399.0;0.991442508570768;0.0085574914292316;0.14555639825
1501451;Belterra;927.0;0.016701378819435;16318.0;0.419904400049026;0.580095599950974;0.2592169575
1501501;Benevides;652.0;0.07747648035417849;51651.0;0.559756829490233;0.440243170509767;0.12650489275
1501576;Bom Jesus do Tocantins;1589.0;0.0375653390267245;15298.0;0.533272323179501;0.466727676820499;0.23157849675
1501600;Bonito;49.0;0.1190032208848955;13630.0;0.280777696258254;0.719222303741746;0.24583227624999998
1501709;Bragança;12526.0;0.02882693923139991;113227.0;0.641375290345942;0.358624709654058;0.24636147200000003
1501725;Brasil Novo;4363.0;0.111366101321932;15690.0;0.439706819630338;0.560293180369662;0.231407931
1501758;Brejo Grande do Araguaia;668.0;0.04938071723468;7317.0;0.588765887658877;0.411234112341123;0.23293870375
1501782;Breu Branco;22427.0;0.07037308172008;52493.0;0.558322061989218;0.441677938010782;0.223426399
1501808;Breves;21267.0;0.04702641945233691;92860.0;0.501399956924402;0.498600043075598;0.2917154215
1501907;Bujaru;1199.0;0.051448657861099;25695.0;0.315197509243043;0.684802490756957;0.246204073
1501956;Cachoeira do Piriá;25034.0;0.0501832247557005;26484.0;0.20888083371092;0.79111916628908;0.2985714975
1502004;Cachoeira do Arari;480.0;0.11104064429162941;20443.0;0.359829770581617;0.640170229418383;0.24428337600000002
1502103;Cametá;1927.0;0.0504108484145785;120896.0;0.437053335097935;0.562946664902065;0.2434142085
1502152;Canaã dos Carajás;744.0;0.0125569653453985;26716.0;0.775827219643659;0.224172780356341;0.19012458325
1502202;Capanema;1580.0;0.0402044293015335;63639.0;0.797184116658024;0.202815883341976;0.21982235725
1502301;Capitão Poço;732.0;0.0289130211366515;51893.0;0.413177114447035;0.586822885552965;0.2644686375
1502400;Castanhal;2008.0;0.0783867531712985;173149.0;0.885815107219793;0.114184892780207;0.16801289275
1502509;Chaves;8328.0;0.02019835917937991;21005.0;0.119495358248036;0.880504641751964;0.2687496185
1502608;Colares;165.0;0.07469635862828641;11381.0;0.321676478341095;0.678323521658905;0.20479141125
1502707;Conceição do Araguaia;2994.0;0.0541806106830625;45557.0;0.712601795552824;0.287398204447176;0.2014095285
1502756;Concórdia do Pará;946.0;0.023391391967755998;28216.0;0.53473206691239;0.46526793308761;0.264244226
1502764;Cumaru do Norte;723.0;0.08182444808945451;10466.0;0.259029237531053;0.740970762468947;0.22589452275000002
1502772;Curionópolis;1702.0;0.02864760271393691;18288.0;0.685148731408574;0.314851268591426;0.22002890174999998
1502806;Curralinho;10977.0;0.030227619616431;28549.0;0.382850537672073;0.617149462327927;0.2801532555
1502855;Curuá;639.0;0.028264965937092;12254.0;0.471764321854088;0.528235678145912;0.28250063575
1502905;Curuçá;933.0;0.047032567366506996;34294.0;0.354989210940689;0.645010789059311;0.20086660075
1502939;Dom Eliseu;2448.0;0.0740055154697595;51319.0;0.633605487246439;0.366394512753561;0.22012346424999998
1502954;Eldorado do Carajás;2594.0;0.06803706823925851;31786.0;0.521550368086579;0.478449631913421;0.25539210925
1503002;Faro;2512.0;0.02063957590398191;8177.0;0.749419102360279;0.250580897639721;0.2513745645
1503044;Floresta do Araguaia;466.0;0.053914096126255;17768.0;0.490432237730752;0.509567762269248;0.2389588895
1503077;Garrafão do Norte;649.0;0.0320405245820125;25034.0;0.343812415115443;0.656187584884557;0.30653365574999997
1503093;Goianésia do Pará;32336.0;0.0557848722088525;30436.0;0.692666579051124;0.307333420948876;0.2425539095
1503101;Gurupá;407.0;0.006955992398147;29062.0;0.32964007982933;0.67035992017067;0.289764062
1503200;Igarapé-Açu;951.0;0.0613485158648925;35887.0;0.590938222754758;0.409061777245242;0.21496939225
1503309;Igarapé-Miri;674.0;0.0038880248833595005;58077.0;0.45121132289891;0.54878867710109;0.24757047125
1503408;Inhangapi;287.0;0.0645836460253569;10037.0;0.276078509514795;0.723921490485205;0.2243517195
1503457;Ipixuna do Pará;12437.0;0.069613694371414;51309.0;0.238301272681206;0.761698727318794;0.259235124
1503507;Irituia;878.0;0.097716293368467;31364.0;0.208009182502232;0.791990817497768;0.2119488605
1503606;Itaituba;86022.0;0.014336357687109499;97493.0;0.724995640712667;0.275004359287333;0.2156559925
1503705;Itupiranga;39371.0;0.07525223314697;51220.0;0.400039047247169;0.599960952752831;0.25883586925
1503754;Jacareacanga;62316.0;0.0088961036224895;14103.0;0.34957101325959;0.65042898674041;0.18606472725
1503804;Jacundá;12761.0;0.031373334095979;51360.0;0.889466510903427;0.110533489096573;0.22859322925
1503903;Juruti;748.0;0.0090477060866385;47086.0;0.336660578515907;0.663339421484093;0.27141035199999997
1504000;Limoeiro do Ajuru;79.0;0.05025009255439841;25021.0;0.247671955557332;0.752328044442668;0.24122444325
1504059;Mãe do Rio;897.0;0.07433439829605949;27904.0;0.826118119266055;0.173881880733945;0.23266853625
1504109;Magalhães Barata;1631.0;0.0361486486486485;8115.0;0.467652495378928;0.532347504621072;0.234909505
1504208;Marabá;32920.0;0.0700198222647935;233669.0;0.797153238127437;0.202846761872563;0.19964266725000002
1504307;Maracanã;7172.0;0.044455473624504;28376.0;0.410769664505216;0.589230335494784;0.2514805105
1504406;Marapanim;5822.0;0.040601930721181;26605.0;0.439917308776546;0.560082691223454;0.196571769
1504422;Marituba;2243.0;0.059498956158664;108246.0;0.98962548269682;0.0103745173031798;0.13404383625
1504455;Medicilândia;6788.0;0.057581840829111;27328.0;0.349787763466042;0.650212236533958;0.21955301075
1504505;Melgaço;909.0;0.031247242109488912;24808.0;0.221823605288617;0.778176394711383;0.27908644
1504604;Mocajuba;799.0;0.0154237557640325;26731.0;0.683812801616101;0.316187198383899;0.2514487665
1504703;Moju;22103.0;0.0401929984573635;70018.0;0.359364734782484;0.640635265217515;0.23704677124999998
1504752;Mojuí dos Campos;0.0;0.047852988134163;31.615.311.284.046.600;0.5738064861446525;0.4261935138553475;0.21574110088711695
1504802;Monte Alegre;5097.0;0.007780117410690001;55462.0;0.442915870325628;0.557084129674372;0.235630062
1504901;Muaná;2120.0;0.04345181474198791;34204.0;0.42454098935797;0.57545901064203;0.25584601975
1504950;Nova Esperança do Piriá;4952.0;0.041953962023974;20158.0;0.395078876872706;0.604921123127294;0.3132736125
1504976;Nova Ipixuna;8118.0;0.0470044378698225;14645.0;0.527552065551383;0.472447934448617;0.22134598575
1505007;Nova Timboteua;252.0;0.057844183564568004;13670.0;0.403803950256035;0.596196049743965;0.21622554149999998
1505031;Novo Progresso;28300.0;0.0475328477268595;25124.0;0.705182295812769;0.294817704187231;0.15941586675
1505064;Novo Repartimento;60647.0;0.11814394816014849;62050.0;0.45044319097502;0.54955680902498;0.2609903705
1505106;Óbidos;3251.0;0.006641245918566;49333.0;0.516206190582369;0.483793809417631;0.26348144
1505205;Oeiras do Pará;632.0;0.042461847012002;28595.0;0.399790173107187;0.600209826892813;0.26093448875
1505304;Oriximiná;12901.0;0.02017252835658641;62794.0;0.639344523362105;0.360655476637895;0.23356747675
1505403;Ourém;428.0;0.0814098011363635;16311.0;0.456011280730795;0.543988719269205;0.2226221935
1505437;Ourilândia do Norte;728.0;0.0143831819157305;27359.0;0.727840929858547;0.272159070141453;0.222171435
1505486;Pacajá;71086.0;0.137055387679997;39979.0;0.343855524150179;0.656144475849821;0.25583356775
1505494;Palestina do Pará;356.0;0.0584523933674;7475.0;0.608160535117057;0.391839464882943;0.257881612
1505502;Paragominas;27149.0;0.027907383946688;97819.0;0.782169108250953;0.217830891749047;0.19258045825
1505536;Parauapebas;7925.0;0.010966250981076;153908.0;0.901122748655041;0.0988772513449593;0.15172185375
1505551;Pau D'Arco;433.0;0.044809825673534;6033.0;0.603514006298691;0.396485993701309;0.25092565525
1505601;Peixe-Boi;271.0;0.058877857307781;7854.0;0.530812324929972;0.469187675070028;0.255212243
1505635;Piçarra;371.0;0.0532907662082515;12697.0;0.282035126407813;0.717964873592187;0.225900526
1505650;Placas;1519.0;0.0439023369959285;23934.0;0.202807721233392;0.797192278766608;0.27098870875000003
1505700;Ponta de Pedras;4890.0;0.05761716579357841;25999.0;0.477864533251279;0.522135466748721;0.244397812
1505809;Portel;18636.0;0.024873925264550498;52172.0;0.476347466073756;0.523652533926244;0.27830211725
1505908;Porto de Moz;7057.0;0.028623738849285502;33956.0;0.429467546236306;0.570532453763694;0.2567951
1506005;Prainha;15564.0;0.0382891660171475;29349.0;0.305257419332856;0.694742580667144;0.275173655
1506104;Primavera;492.0;0.082307060755337;10268.0;0.622419166342034;0.377580833657967;0.2463607515
1506112;Quatipuru;861.0;0.0367161716171615;12411.0;0.428087986463621;0.571912013536379;0.2490215985
1506138;Redenção;4152.0;0.021217357910906502;75556.0;0.927325427497485;0.0726745725025147;0.18267777475
1506161;Rio Maria;945.0;0.0399091661857325;17697.0;0.763519240549246;0.236480759450754;0.17575484425000001
1506187;Rondon do Pará;2967.0;0.0706732974434495;46964.0;0.738778638957499;0.261221361042501;0.23746904975
1506195;Rurópolis;1728.0;0.0284327919611245;40087.0;0.380996332975778;0.619003667024222;0.27653603449999997
1506203;Salinópolis;2327.0;0.051972281449893507;37421.0;0.892306458940167;0.107693541059833;0.21690685425
1506302;Salvaterra;1520.0;0.1144807875516035;20183.0;0.627855125600753;0.372144874399247;0.208229245
1506351;Santa Bárbara do Pará;141.0;0.06360832690825001;17141.0;0.318417828598098;0.681582171401902;0.138956535
1506401;Santa Cruz do Arari;228.0;0.0;8155.0;0.48976088289393;0.51023911710607;0.230483523
1506500;Santa Izabel do Pará;3872.0;0.060791366906475;59466.0;0.723102276931356;0.276897723068644;0.15857339175
1506559;Santa Luzia do Pará;1095.0;0.030786969086448908;19424.0;0.447539126853377;0.552460873146623;0.25276777325
1506583;Santa Maria das Barreiras;2669.0;0.1028217269122685;17206.0;0.369464140416134;0.630535859583866;0.21366784675
1506609;Santa Maria do Pará;370.0;0.0937160252228745;23026.0;0.578823938156866;0.421176061843134;0.203795273
1506708;Santana do Araguaia;19727.0;0.099102036253889;56153.0;0.528253165458658;0.471746834541342;0.2207161655
1506807;Santarém;17724.0;0.021373254799302;294580.0;0.732534455835427;0.267465544164573;0.22684950375
1506906;Santarém Novo;1214.0;0.111263109895121;6141.0;0.294577430385931;0.705422569614069;0.21420700374999999
1507003;Santo Antônio do Tauá;166.0;0.0720999541494725;26674.0;0.557509184974132;0.442490815025868;0.18840989
1507102;São Caetano de Odivelas;2376.0;0.074138733705773;16891.0;0.41193535018649;0.58806464981351;0.22268978725
1507151;São Domingos do Araguaia;2051.0;0.051987110633727004;23130.0;0.659489840034587;0.340510159965413;0.22944332925
1507201;São Domingos do Capim;692.0;0.060840572617154;29846.0;0.2207666018897;0.7792333981103;0.22483776375
1507300;São Félix do Xingu;6712.0;0.054847229121732496;91340.0;0.49390190497044;0.50609809502956;0.22975860425
1507409;São Francisco do Pará;471.0;0.0754283326368575;15060.0;0.339508632138114;0.660491367861886;0.1684456085
1507458;São Geraldo do Araguaia;2789.0;0.03270715116484;25587.0;0.531129088990503;0.468870911009497;0.22884351325
1507466;São João da Ponta;214.0;0.0744565217391305;5265.0;0.195821462488129;0.804178537511871;0.21894617325000001
1507474;São João de Pirabas;3229.0;0.062777321281841;20647.0;0.507918825979561;0.492081174020439;0.26554348475
1507508;São João do Araguaia;549.0;0.086528827762091;13155.0;0.196579247434436;0.803420752565564;0.2559868365
1507607;São Miguel do Guamá;636.0;0.09036933146330049;51567.0;0.618302402699401;0.381697597300599;0.23163515525
1507706;São Sebastião da Boa Vista;416.0;0.0636886807337669;22904.0;0.432326231225987;0.567673768774013;0.26607755774999997
1507755;Sapucaia;131.0;0.0068461538461535;5047.0;0.65880721220527;0.34119278779473;0.17218744
1507805;Senador José Porfírio;11693.0;0.023678461582684503;13045.0;0.495975469528555;0.504024530471445;0.26963160075
1507904;Soure;345.0;0.0241990456714385;23001.0;0.91365592800313;0.0863440719968697;0.23312747
1507953;Tailândia;9757.0;0.069068967841974;79297.0;0.74041893135932;0.25958106864068;0.22217012849999998
1507961;Terra Alta;83.0;0.1026807084729535;10262.0;0.422334827519002;0.577665172480998;0.20103897225
1507979;Terra Santa;345.0;0.0242381037248265;16949.0;0.609770487934391;0.390229512065609;0.249849053
1508001;Tomé-Açu;2376.0;0.0404121517027865;56518.0;0.558459251919742;0.441540748080258;0.21097347875
1508035;Tracuateua;1438.0;0.008251079580505999;27455.0;0.264287015115644;0.735712984884356;0.25904418625000003
1508050;Trairão;6547.0;0.0242199258393525;16875.0;0.336533333333333;0.663466666666667;0.249970145
1508084;Tucumã;1685.0;0.0567800670819355;33690.0;0.7986642920748;0.2013357079252;0.19868208675
1508100;Tucuruí;75911.0;0.051439563167039;97128.0;0.951754385964912;0.0482456140350877;0.14643963075
1508126;Ulianópolis;2807.0;0.0798636878490805;43341.0;0.65815278835283;0.34184721164717;0.23846129175
1508159;Uruará;7041.0;0.087367211108845;44789.0;0.545446426577954;0.454553573422046;0.24655792075000002
1508209;Vigia;784.0;0.0742601898380795;47889.0;0.675583119296707;0.324416880703293;0.19166522425
1508308;Viseu;27746.0;0.026580682499327997;56716.0;0.324370547993512;0.675629452006488;0.29084820625
1508357;Vitória do Xingu;2750.0;0.16864301745218252;13431.0;0.399225671952945;0.600774328047055;0.204683827
1508407;Xinguara;1195.0;0.026488662852299002;40573.0;0.776181204249131;0.223818795750869;0.192222658
1600055;Serra do Navio;5995.0;0.02089959942235991;4380.0;0.587899543378995;0.412100456621005;0.10456905825
1600105;Amapá;469.0;0.02878639187864291;8069.0;0.862436485314165;0.137563514685835;0.23336522199999998
1600154;Pedra Branca do Amapari;15698.0;0.005095945445895;10772.0;0.553564797623468;0.446435202376532;0.21413606125
1600204;Calçoene;28618.0;0.02446226787301091;9000.0;0.811888888888889;0.188111111111111;0.22220783175
1600212;Cutias;256.0;0.039723517654897;4696.0;0.520017035775128;0.479982964224872;0.195634905
1600238;Ferreira Gomes;3504.0;0.0062276779014979996;5802.0;0.719579455360221;0.280420544639779;0.17373224299999998
1600253;Itaubal;234.0;0.041889483065954004;4265.0;0.411254396248535;0.588745603751465;0.192049371
1600279;Laranjal do Jari;13800.0;0.01980696727072041;39942.0;0.948976015222072;0.051023984777928;0.22892569475
1600303;Macapá;50101.0;0.030778733918378;398204.0;0.957333427087623;0.0426665729123766;0.14698952875000001
1600402;Mazagão;29843.0;0.001524311028737;17032.0;0.485674025364021;0.514325974635979;0.2249193425
1600501;Oiapoque;61243.0;0.02100663841328591;20509.0;0.675410795260617;0.324589204739383;0.2021663495
1600535;Porto Grande;29585.0;0.0147212613627225;16809.0;0.643048366946279;0.356951633053721;0.167339392
1600550;Pracuúba;830.0;0.0036180228648285;3793.0;0.495913524914316;0.504086475085684;0.219482925
1600600;Santana;33238.0;0.009433962264151;101262.0;0.97875807311726;0.0212419268827398;0.19963123
1600709;Tartarugalzinho;11234.0;0.0224293665034515;12563.0;0.518665923744329;0.481334076255671;0.2199551665
1600808;Vitória do Jari;1170.0;0.0041592695916815;12428.0;0.828934663662697;0.171065336337303;0.21612570175
1700251;Abreulândia;248.0;0.0514440433213;2391.0;0.617314930991217;0.382685069008783;0.223586965
1700301;Aguiarnópolis;146.0;0.032457496136012495;5162.0;0.802402169701666;0.197597830298334;0.221318085
1700350;Aliança do Tocantins;39.0;0.03838107893965282;5671.0;0.838652794921531;0.161347205078469;0.15908564425
1700400;Almas;396.0;0.03838107893965282;7586.0;0.792117057737938;0.207882942262062;0.21437027275
1700707;Alvorada;56.0;0.03838107893965282;8374.0;0.927274898495343;0.0727251015046573;0.16186471975
1701002;Ananás;654.0;0.012491659871006;9865.0;0.825544855549924;0.174455144450076;0.223108165
1701051;Angico;53.0;0.027644754026992;3175.0;0.610393700787402;0.389606299212598;0.22671025649999998
1701101;Aparecida do Rio Negro;148.0;0.03838107893965282;4213.0;0.78637550439117;0.21362449560883;0.230519275
1701309;Aragominas;129.0;0.0825225851285615;5882.0;0.379122747364842;0.620877252635158;0.2247724595
1701903;Araguacema;331.0;0.025430942753776997;6317.0;0.463036251385151;0.536963748614849;0.23073850575000002
1702000;Araguaçu;357.0;0.03838107893965282;8786.0;0.669474163441839;0.330525836558161;0.16202731425
1702109;Araguaína;6163.0;0.013063135798482;150484.0;0.949768746178996;0.0502312538210042;0.14177609575
1702158;Araguanã;274.0;0.017403110343125;5030.0;0.673161033797217;0.326838966202783;0.2165678715
1702208;Araguatins;933.0;0.024567610062893;31329.0;0.642695266366625;0.357304733633375;0.229396877
1702307;Arapoema;85.0;0.0020208604954369998;6742.0;0.809107089884307;0.190892910115693;0.170999448
1702406;Arraias;42.0;0.03838107893965282;10645.0;0.692437764208549;0.307562235791451;0.22513828900000002
1702554;Augustinópolis;457.0;0.01273965691221;15950.0;0.826081504702194;0.173918495297806;0.24498700825
1702703;Aurora do Tocantins;31.0;0.03838107893965282;3446.0;0.720255368543239;0.279744631456761;0.21343752000000002
1702901;Axixá do Tocantins;142.0;0.022;9275.0;0.82167115902965;0.17832884097035;0.25079267650000003
1703008;Babaçulândia;189.0;0.0;10424.0;0.472851112816577;0.527148887183423;0.26457499975
1703057;Bandeirantes do Tocantins;44.0;0.022938035754635912;3122.0;0.539718129404228;0.460281870595772;0.182834303
1703073;Barra do Ouro;137.0;0.03838107893965282;4123.0;0.530196458889158;0.469803541110842;0.2628988985
1703107;Barrolândia;75.0;0.03838107893965282;5349.0;0.837352776219854;0.162647223780146;0.20157377775
1703206;Bernardo Sayão;28.0;0.03393013986288241;4456.0;0.490798922800718;0.509201077199282;0.1865481635
1703305;Bom Jesus do Tocantins;95.0;0.125;3768.0;0.75;0.25;0.25282502325
1703602;Brasilândia do Tocantins;21.0;0.005811354492624;2064.0;0.695736434108527;0.304263565891473;0.16964856725
1703701;Brejinho de Nazaré;26.0;0.03838107893965282;5185.0;0.809064609450338;0.190935390549662;0.21118219024999998
1703800;Buriti do Tocantins;194.0;0.02221098556648091;9768.0;0.763104013104013;0.236895986895987;0.22625264625
1703826;Cachoeirinha;75.0;0.03612815269257;2148.0;0.80586592178771;0.194134078212291;0.24416898550000002
1703842;Campos Lindos;397.0;0.1;8139.0;0.592087480034402;0.407912519965598;0.26776211775000003
1703867;Cariri do Tocantins;61.0;0.03838107893965282;3756.0;0.557241746538871;0.442758253461129;0.13928481075000002
1703883;Carmolândia;18.0;0.0138316656856975;2316.0;0.787564766839378;0.212435233160622;0.18946856075000001
1703891;Carrasco Bonito;84.0;0.0041761579347;3688.0;0.533351409978308;0.466648590021692;0.23754803824999998
1703909;Caseara;651.0;0.06551901336074001;4601.0;0.594870680286894;0.405129319713106;0.23870020075
1704105;Centenário;105.0;0.03838107893965282;2566.0;0.586126266562744;0.413873733437256;0.230968898
1704600;Chapada de Areia;27.0;0.0517241379310345;1335.0;0.561048689138577;0.438951310861423;0.19587448400000002
1705102;Chapada da Natividade;43.0;0.03838107893965282;3277.0;0.505340250228868;0.494659749771132;0.19258869925
1705508;Colinas do Tocantins;496.0;0.02354097451333091;30838.0;0.960081717361697;0.0399182826383034;0.15809156875
1705557;Combinado;48.0;0.03838107893965282;4669.0;0.856714499892911;0.143285500107089;0.22359753599999999
1705607;Conceição do Tocantins;28.0;0.03838107893965282;4182.0;0.696078431372549;0.303921568627451;0.28468631325
1706001;Couto Magalhães;155.0;0.044337274424393495;5009.0;0.376122978638451;0.623877021361549;0.21612631925
1706100;Cristalândia;211.0;0.03838107893965282;7234.0;0.818910699474703;0.181089300525297;0.189090911
1706258;Crixás do Tocantins;57.0;0.03838107893965282;1564.0;0.557544757033248;0.442455242966752;0.1747257065
1706506;Darcinópolis;50.0;0.06305671047354391;5273.0;0.661672672103167;0.338327327896833;0.24248853125
1707009;Dianópolis;384.0;0.03838107893965282;19112.0;0.860401841774801;0.139598158225199;0.1980689635
1707108;Divinópolis do Tocantins;154.0;0.036988110964333;6363.0;0.701870187018702;0.298129812981298;0.180822371
1707207;Dois Irmãos do Tocantins;121.0;0.0270745428973275;7161.0;0.387795000698226;0.612204999301774;0.22677875325000002
1707306;Dueré;269.0;0.023894436519258;4592.0;0.665287456445993;0.334712543554007;0.19378586774999998
1707405;Esperantina;396.0;0.0390350877192985;9476.0;0.486914309835374;0.513085690164626;0.277237552
1707553;Fátima;70.0;0.03838107893965282;3805.0;0.823915900131406;0.176084099868594;0.16481171625
1707652;Figueirópolis;193.0;0.03838107893965282;5340.0;0.759176029962547;0.240823970037453;0.18822349249999998
1707702;Filadélfia;79.0;0.03838107893965282;8505.0;0.651146384479718;0.348853615520282;0.22026020699999999
1708205;Formoso do Araguaia;458.0;0.0178798241328775;18427.0;0.72355782276008;0.27644217723992;0.183440061
1708254;Fortaleza do Tabocão;48.0;;2419.0;0.813559322033898;0.186440677966102;0.19760005175
1708304;Goianorte;86.0;0.0323834196891195;4956.0;0.556900726392252;0.443099273607748;0.234451304
1709005;Goiatins;174.0;0.03838107893965282;12064.0;0.410228779840849;0.589771220159151;0.26751465825
1709302;Guaraí;479.0;0.010900434346808999;23200.0;0.910689655172414;0.0893103448275862;0.1550007195
1709500;Gurupi;1975.0;0.03838107893965282;76755.0;0.977135040062537;0.0228649599374634;0.15543071449999998
1709807;Ipueiras;15.0;0.03838107893965282;1639.0;0.584502745576571;0.415497254423429;0.17369180525000003
1710508;Itacajá;134.0;0.03838107893965282;7104.0;0.601492117117117;0.398507882882883;0.24323835675
1710706;Itaguatins;95.0;0.047287735849057;6029.0;0.563277492121413;0.436722507878587;0.22819597249999998
1710904;Itapiratins;66.0;0.03838107893965282;3532.0;0.541902604756512;0.458097395243488;0.23616823575
1711100;Itaporã do Tocantins;59.0;0.015616999487967;2445.0;0.639263803680982;0.360736196319018;0.170200678
1711506;Jaú do Tocantins;72.0;0.03838107893965282;3507.0;0.373538637011691;0.626461362988309;0.1817466445
1711803;Juarina;32.0;0.03799089757188541;2231.0;0.463021066786195;0.536978933213806;0.1829701695
1711902;Lagoa da Confusão;120.0;0.021434957532409503;10210.0;0.620176297747307;0.379823702252693;0.23637791675
1711951;Lagoa do Tocantins;6.0;0.03838107893965282;3525.0;0.72;0.28;0.27188111625
1712009;Lajeado;197.0;0.03838107893965282;2773.0;0.781103498016589;0.218896501983411;0.17392453400000002
1712157;Lavandeira;32.0;0.0;1605.0;0.637383177570093;0.362616822429907;0.2118836105
1712405;Lizarda;35.0;0.0;3725.0;0.693422818791946;0.306577181208054;0.234603909
1712454;Luzinópolis;79.0;0.02907196239472741;2622.0;0.638825324180015;0.361174675819985;0.2003266015
1712504;Marianópolis do Tocantins;421.0;0.072427126710291;4352.0;0.547564338235294;0.452435661764706;0.19552289675
1712702;Mateiros;9.0;0.0;2223.0;0.637426900584795;0.362573099415205;0.22404769925
1712801;Maurilândia do Tocantins;65.0;0.019593613933236498;3154.0;0.639505389980977;0.360494610019023;0.25565538075
1713205;Miracema do Tocantins;605.0;0.03838107893965282;20684.0;0.86719203248888;0.13280796751112;0.17747813575
1713304;Miranorte;162.0;0.0045801526717555;12623.0;0.874277113206052;0.125722886793948;0.18751664175
1713601;Monte do Carmo;189.0;0.0;6716.0;0.428975580702799;0.571024419297201;0.210313732
1713700;Monte Santo do Tocantins;64.0;0.0219298245614035;2085.0;0.215827338129496;0.784172661870504;0.17045306125
1713809;Palmeiras do Tocantins;46.0;0.052109181141439004;5740.0;0.563066202090592;0.436933797909408;0.26030333299999997
1713957;Muricilândia;34.0;0.011527254028111;3152.0;0.571065989847716;0.428934010152284;0.22423687575
1714203;Natividade;350.0;0.03838107893965282;9000.0;0.799444444444444;0.200555555555556;0.22326664725
1714302;Nazaré;60.0;0.024610987615116;4386.0;0.453944368445052;0.546055631554948;0.2130425415
1714880;Nova Olinda;155.0;0.02023566427002341;10686.0;0.698577578139622;0.301422421860378;0.19695899925
1715002;Nova Rosalândia;90.0;0.03838107893965282;3770.0;0.654641909814324;0.345358090185676;0.1669596565
1715101;Novo Acordo;14.0;0.03838107893965282;3762.0;0.819510898458267;0.180489101541733;0.2056480895
1715150;Novo Alegre;50.0;0.03838107893965282;2286.0;0.743219597550306;0.256780402449694;0.19054833325
1715259;Novo Jardim;63.0;0.03838107893965282;2457.0;0.722832722832723;0.277167277167277;0.2465639755
1715507;Oliveira de Fátima;6.0;0.03838107893965282;1037.0;0.787849566055931;0.212150433944069;0.14368595
1715705;Palmeirante;18.0;0.02603985453831941;4954.0;0.388776746063787;0.611223253936213;0.2135178575
1715754;Palmeirópolis;336.0;0.03838107893965282;7339.0;0.81496116637144;0.18503883362856;0.187172965
1716109;Paraíso do Tocantins;2825.0;0.03838107893965282;44417.0;0.956232973861359;0.0437670261386406;0.1286910955
1716208;Paranã;112.0;0.03838107893965282;10338.0;0.456568001547688;0.543431998452312;0.23516691725
1716307;Pau D'Arco;17.0;0.0083082766260485;4588.0;0.632083696599826;0.367916303400174;0.20704774650000002
1716505;Pedro Afonso;201.0;0.11003861003861;11539.0;0.868012826068117;0.131987173931883;0.19350707525000002
1716604;Peixe;243.0;0.03838107893965282;10384.0;0.504140986132512;0.495859013867488;0.17767426174999998
1716653;Pequizeiro;260.0;0.029557191517416;5054.0;0.472892758211318;0.527107241788682;0.205083836
1716703;Colméia;200.0;0.0189996122528115;8611.0;0.739751480664267;0.260248519335733;0.1985666385
1717008;Pindorama do Tocantins;107.0;0.03838107893965282;4506.0;0.654016866400355;0.345983133599645;0.2104137185
1717206;Piraquê;128.0;0.019062259800154;2920.0;0.384246575342466;0.615753424657534;0.20462219525
1717503;Pium;274.0;0.021040868417194908;6694.0;0.564535404840155;0.435464595159845;0.21258977675
1717800;Ponte Alta do Bom Jesus;36.0;0.03838107893965282;4544.0;0.550396126760563;0.449603873239437;0.26889176725
1717909;Ponte Alta do Tocantins;168.0;0.03838107893965282;7180.0;0.63050139275766;0.36949860724234;0.23787357225
1718006;Porto Alegre do Tocantins;36.0;0.03838107893965282;2796.0;0.686337625178827;0.313662374821173;0.2350336405
1718204;Porto Nacional;1282.0;0.03838107893965282;49146.0;0.863447686485167;0.136552313514833;0.1701548565
1718303;Praia Norte;100.0;0.0509718365727885;7659.0;0.583365974670322;0.416634025329678;0.28414720649999997
1718402;Presidente Kennedy;67.0;0.006324824937881;3681.0;0.876663950013583;0.123336049986417;0.19039392475
1718451;Pugmil;75.0;0.03838107893965282;2369.0;0.845926551287463;0.154073448712537;0.19558679475
1718501;Recursolândia;91.0;0.047376664056382;3768.0;0.528131634819533;0.471868365180467;0.27408411525
1718550;Riachinho;223.0;0.017778665601278498;4191.0;0.432355046528275;0.567644953471725;0.246211194
1718659;Rio da Conceição;16.0;0.03838107893965282;1714.0;0.918319719953326;0.0816802800466744;0.186088474
1718709;Rio dos Bois;94.0;0.0;2570.0;0.400389105058366;0.599610894941634;0.19349561575
1718758;Rio Sono;49.0;0.0;6254.0;0.38487368084426;0.61512631915574;0.25086186850000003
1718808;Sampaio;127.0;0.0178983833718245;3864.0;0.909937888198758;0.0900621118012422;0.24613448075
1718840;Sandolândia;141.0;0.01715374841169;3326.0;0.530366806975346;0.469633193024654;0.16172176075
1718865;Santa Fé do Araguaia;58.0;0.0160753880266075;6599.0;0.662827701166843;0.337172298833157;0.17958947375
1718881;Santa Maria do Tocantins;80.0;0.03838107893965282;2894.0;0.596060815480304;0.403939184519696;0.2585604415
1718899;Santa Rita do Tocantins;66.0;0.116710875331565;2128.0;0.431390977443609;0.568609022556391;0.17244769925
1718907;Santa Rosa do Tocantins;473.0;0.03838107893965282;4568.0;0.645140105078809;0.354859894921191;0.22997140475
1719004;Santa Tereza do Tocantins;26.0;0.03838107893965282;2523.0;0.640507332540626;0.359492667459374;0.227399776
1720002;Santa Terezinha do Tocantins;43.0;0.0194871794871795;2474.0;0.644300727566694;0.355699272433306;0.2640674515
1720101;São Bento do Tocantins;144.0;0.0181967598027705;4608.0;0.589409722222222;0.410590277777778;0.26389963825
1720150;São Félix do Tocantins;11.0;0.03838107893965282;1437.0;0.647877522616562;0.352122477383438;0.2233796425
1720200;São Miguel do Tocantins;214.0;0.0344647519582245;10481.0;0.24301116305696;0.75698883694304;0.230421457
1720259;São Salvador do Tocantins;309.0;0.03838107893965282;2910.0;0.545704467353952;0.454295532646048;0.25669500275
1720309;São Sebastião do Tocantins;234.0;0.0011061946902655;4283.0;0.766518795236983;0.233481204763017;0.291171203
1720499;São Valério;38.0;0.03838107893965282;4383.0;0.621263974446726;0.378736025553274;0.19860966075
1720655;Silvanópolis;145.0;0.03838107893965282;5068.0;0.80130228887135;0.19869771112865;0.24344003325
1720804;Sítio Novo do Tocantins;226.0;0.021692307692308;9148.0;0.532903366856143;0.467096633143857;0.24448766700000002
1720853;Sucupira;67.0;0.03838107893965282;1742.0;0.634902411021814;0.365097588978186;0.150115808
1720903;Taguatinga;433.0;0.0;15051.0;0.706066042123447;0.293933957876553;0.2116184605
1720937;Taipas do Tocantins;36.0;0.03838107893965282;1945.0;0.800514138817481;0.199485861182519;0.24266665775000001
1720978;Talismã;39.0;0.03838107893965282;2562.0;0.532006245120999;0.467993754879001;0.146610505
1721000;Palmas;12096.0;0.03838107893965282;228332.0;0.971138517597183;0.028861482402817;0.119854978
1721109;Tocantínia;373.0;0.03838107893965282;6736.0;0.438687648456057;0.561312351543943;0.22178581375
1721208;Tocantinópolis;1540.0;0.010550458715596499;22619.0;0.809850126000265;0.190149873999735;0.2012919825
1721257;Tupirama;13.0;0.03838107893965282;1574.0;0.590851334180432;0.409148665819568;0.22275638325
1721307;Tupiratins;17.0;0.111111111111111;2097.0;0.507868383404864;0.492131616595136;0.20577000175000001
1722081;Wanderlândia;296.0;0.0339405768813705;10981.0;0.534377561242146;0.465622438757854;0.208263797
1722107;Xambioá;559.0;0.02205114822547;11484.0;0.847962382445141;0.152037617554859;0.2197780325
2100055;Açailândia;2046.0;0.032365975941548;104047.0;0.751939027554855;0.248060972445145;0.19601350225
2100204;Alcântara;3985.0;0.0327029520295205;21851.0;0.292847009290193;0.707152990709807;0.2259296805
2100402;Altamira do Maranhão;216.0;0.0;11063.0;0.285094459007502;0.714905540992497;0.2525826205
2100436;Alto Alegre do Maranhão;318.0;0.01919053946982641;24599.0;0.787592991585024;0.212407008414976;0.26280801025
2100477;Alto Alegre do Pindaré;2437.0;0.0563551056987715;31057.0;0.316482596516083;0.683517403483917;0.25707159875
2100501;Alto Parnaíba;68.0;0.0;10766.0;0.652795838751626;0.347204161248374;0.260946151
2100550;Amapá do Maranhão;1941.0;0.1232741617357005;6431.0;0.752760068418597;0.247239931581403;0.298299235
2100600;Amarante do Maranhão;1543.0;0.028382221634312997;37932.0;0.39554993145629;0.60445006854371;0.2496465245
2100709;Anajatuba;58.0;0.009491903964266;25291.0;0.277371396939623;0.722628603060377;0.22557037124999998
2100832;Apicum-Açu;505.0;0.005055788005579;14959.0;0.612474095862023;0.387525904137977;0.295718809
2100873;Araguanã;538.0;0.03838107893965282;13973.0;0.384813569025979;0.615186430974021;0.268524114
2100956;Arame;1292.0;0.033179858218227;31702.0;0.395905621096461;0.604094378903539;0.26691223675
2101004;Arari;245.0;0.033496007098492;28488.0;0.61369699522606;0.38630300477394;0.2210088115
2101103;Axixá;809.0;0.049424509140148995;11407.0;0.412290698693785;0.587709301306215;0.2238884455
2101202;Bacabal;1693.0;0.0;100014.0;0.778491011258424;0.221508988741576;0.20244232175
2101251;Bacabeira;135.0;0.1146591661151555;14925.0;0.222713567839196;0.777286432160804;0.22137179425
2101301;Bacuri;188.0;0.0094932191291935;16604.0;0.523126957359672;0.476873042640328;0.2843148635
2101350;Bacurituba;2.0;0.0;5293.0;0.269034573965615;0.730965426034385;0.258326546
2101400;Balsas;763.0;0.03838107893965282;83528.0;0.871216837467676;0.128783162532324;0.24381648125
2101608;Barra do Corda;1642.0;0.0408640187686725;82830.0;0.623542194856936;0.376457805143064;0.24709850675
2101772;Bela Vista do Maranhão;184.0;0.0;12049.0;0.429081251556146;0.570918748443854;0.261708728
2101806;Benedito Leite;18.0;0.0;5469.0;0.514353629548364;0.485646370451636;0.21088931875
2101905;Bequimão;350.0;0.000921149594694;20344.0;0.324714903657098;0.675285096342902;0.247312597
2101939;Bernardo do Mearim;126.0;0.001014786894752;5996.0;0.387591727818546;0.612408272181454;0.20931132075
2101970;Boa Vista do Gurupi;3472.0;0.048816936488169496;7949.0;0.706881368725626;0.293118631274374;0.239696558
2102002;Bom Jardim;2207.0;0.031034011332047;39049.0;0.419626622960895;0.580373377039105;0.24872233225
2102036;Bom Jesus das Selvas;819.0;0.0658986516520965;28459.0;0.471942092132542;0.528057907867458;0.266152915
2102077;Bom Lugar;63.0;0.0;14818.0;0.2821568362802;0.7178431637198;0.2363984165
2102150;Brejo de Areia;376.0;0.0;5577.0;0.511565357719204;0.488434642280796;0.2885079815
2102309;Buriti Bravo;412.0;0.156074008670136;22899.0;0.743001877811258;0.256998122188742;0.270050478
2102325;Buriticupu;2348.0;0.099625818521983;65237.0;0.548599721017214;0.451400278982786;0.26547735025
2102358;Buritirana;258.0;0.047351524879615;14784.0;0.280438311688312;0.719561688311688;0.26604814
2102374;Cachoeira Grande;508.0;0.050130657501467;8446.0;0.44896992659247;0.55103007340753;0.297591054
2102408;Cajapió;10.0;0.01919053946982641;10593.0;0.366751628433871;0.633248371566129;0.27668694025
2102507;Cajari;212.0;0.0399768250289685;18338.0;0.233613262078744;0.766386737921256;0.2498937755
2102556;Campestre do Maranhão;158.0;0.030843798193435;13369.0;0.794449846660184;0.205550153339816;0.23057472575
2102606;Cândido Mendes;4893.0;0.045855080322646;18505.0;0.643663874628479;0.356336125371521;0.3109408595
2102705;Cantanhede;484.0;0.0039825282631035;20448.0;0.633753912363067;0.366246087636933;0.2761713825
2102754;Capinzal do Norte;121.0;0.0013477088948785;10698.0;0.524397083567022;0.475602916432978;0.23450427825
2102804;Carolina;450.0;0.0;23959.0;0.677699403147043;0.322300596852957;0.242247787
2102903;Carutapera;1896.0;0.034486052732135994;22006.0;0.737253476324639;0.262746523675361;0.2922940235
2103109;Cedral;613.0;0.0964788732394365;10297.0;0.23278624842187;0.76721375157813;0.176184999
2103125;Central do Maranhão;58.0;0.0;7887.0;0.518067706352225;0.481932293647775;0.283884573
2103158;Centro do Guilherme;882.0;0.060752836977581;12565.0;0.56283326701154;0.43716673298846;0.277243658
2103174;Centro Novo do Maranhão;7958.0;0.023601954921527002;17622.0;0.313358302122347;0.686641697877653;0.279608199
2103257;Cidelândia;269.0;0.028087167070218;13681.0;0.441195819019078;0.558804180980922;0.23612658549999999
2103307;Codó;2803.0;0.0071989641888655;118038.0;0.686600925125807;0.313399074874193;0.257427204
2103505;Colinas;1018.0;0.12;39132.0;0.653557191045692;0.346442808954309;0.26108031325
2103554;Conceição do Lago-Açu;2973.0;0.0;14436.0;0.475824328068717;0.524175671931283;0.26340000874999997
2103604;Coroatá;477.0;0.0007161225220535;61725.0;0.697561765897124;0.302438234102876;0.26762882075
2103703;Cururupu;385.0;0.009868108928741;32652.0;0.682040916329781;0.317959083670219;0.259552173
2103752;Davinópolis;180.0;0.022271386430678;12579.0;0.833691072422291;0.166308927577709;0.23136318
2103802;Dom Pedro;187.0;0.075307651150348;22681.0;0.672853930602707;0.327146069397293;0.195805283
2104008;Esperantinópolis;505.0;0.0;18452.0;0.543843485800997;0.456156514199003;0.23746918875
2104057;Estreito;565.0;0.08974358974359;35835.0;0.719352588251709;0.280647411748291;0.21337250225
2104073;Feira Nova do Maranhão;80.0;0.03838107893965282;8126.0;0.23714004430224;0.76285995569776;0.27181328975
2104081;Fernando Falcão;45.0;0.057418273260687505;9241.0;0.1629693756087;0.8370306243913;0.26793951775
2104099;Formosa da Serra Negra;235.0;0.09810671256454351;17757.0;0.333108070056879;0.666891929943121;0.25459052575
2104107;Fortaleza dos Nogueiras;98.0;0.03838107893965282;11646.0;0.602696204705478;0.397303795294522;0.2401320915
2104206;Fortuna;770.0;0.1250294602875325;15098.0;0.62948734931779;0.37051265068221;0.2739465475
2104305;Godofredo Viana;389.0;0.044690341396466;10635.0;0.632157968970381;0.367842031029619;0.2849147635
2104404;Gonçalves Dias;576.0;0.1056123048021605;17482.0;0.444457155931816;0.555542844068184;0.23377339625
2104503;Governador Archer;161.0;0.035083748302399;10205.0;0.64968152866242;0.35031847133758;0.2584971005
2104552;Governador Edison Lobão;134.0;0.015880812049771;15895.0;0.437684806542938;0.562315193457062;0.21704410925
2104602;Governador Eugênio Barros;490.0;0.1490109077463485;15991.0;0.293289975611281;0.706710024388719;0.24348784475000002
2104628;Governador Luiz Rocha;233.0;0.155241935483871;7337.0;0.706964699468448;0.293035300531552;0.25714733424999997
2104651;Governador Newton Bello;432.0;0.01982998017235841;11921.0;0.359953024075161;0.640046975924839;0.255729195
2104677;Governador Nunes Freire;5280.0;0.04173289612723991;25401.0;0.627731191685367;0.372268808314633;0.24902874825000001
2104701;Graça Aranha;146.0;0.1403349108117945;6140.0;0.474267100977199;0.525732899022801;0.2382341485
2104800;Grajaú;968.0;0.0646530640765845;62093.0;0.596540672861675;0.403459327138325;0.237786125
2104909;Guimarães;1206.0;0.022368981678739;12081.0;0.571889744226471;0.428110255773529;0.2288058785
2105104;Icatu;3080.0;0.054700769023768;25145.0;0.310837144561543;0.689162855438457;0.29934584475000003
2105153;Igarapé do Meio;188.0;0.01857654431513;12550.0;0.494581673306773;0.505418326693227;0.25085369325
2105203;Igarapé Grande;54.0;0.0;11041.0;0.603568517344443;0.396431482655557;0.2065480455
2105302;Imperatriz;4257.0;0.0063824461872185;247505.0;0.947645502111068;0.0523544978889315;0.16275716925
2105351;Itaipava do Grajaú;252.0;0.025586966938188502;14297.0;0.300482618731202;0.699517381268798;0.27556025
2105401;Itapecuru Mirim;1234.0;0.0357112634340355;62110.0;0.558170986958622;0.441829013041378;0.238411085
2105427;Itinga do Maranhão;1097.0;0.0625260120418415;24863.0;0.709487994208261;0.290512005791739;0.21431007525
2105450;Jatobá;181.0;0.0988805970149255;8526.0;0.438658221909453;0.561341778090547;0.24456293499999998
2105476;Jenipapo dos Vieiras;349.0;0.027442884668318502;15440.0;0.163147668393782;0.836852331606218;0.2666461615
2105500;João Lisboa;465.0;0.0143619525977085;20381.0;0.75246553162259;0.24753446837741;0.241583661
2105609;Joselândia;678.0;0.045494764783955;15433.0;0.386185446769909;0.613814553230091;0.23452000225
2105658;Junco do Maranhão;863.0;0.012260604975836501;4020.0;0.701243781094527;0.298756218905473;0.257321786
2105708;Lago da Pedra;2426.0;0.0006442883834805;46083.0;0.651997482802769;0.348002517197231;0.23647365025
2105807;Lago do Junco;152.0;0.0;10729.0;0.364712461552801;0.635287538447199;0.22878189000000002
2105906;Lago Verde;795.0;0.0;15412.0;0.327796522190501;0.672203477809499;0.26978959975
2105948;Lago dos Rodrigues;70.0;0.0;7794.0;0.62214523992815;0.37785476007185;0.24818310100000002
2105963;Lagoa Grande do Maranhão;627.0;0.0273316237009045;10517.0;0.522867737948084;0.477132262051916;0.28853382650000003
2105989;Lajeado Novo;92.0;0.030690537084399;6923.0;0.461360681785353;0.538639318214647;0.22251817025
2106003;Lima Campos;124.0;0.01919053946982641;11423.0;0.594677405235052;0.405322594764948;0.251154338
2106102;Loreto;17.0;0.0;11390.0;0.55838454784899;0.44161545215101;0.24784657125
2106201;Luís Domingues;340.0;0.031528444139822;6510.0;0.84531490015361;0.15468509984639;0.26356946875
2106326;Maracaçumé;5602.0;0.018031496062992;19155.0;0.826363873662229;0.173636126337771;0.269709989
2106359;Marajá do Sena;278.0;0.0297389330306465;8051.0;0.143833064215625;0.856166935784375;0.31800425175
2106375;Maranhãozinho;815.0;0.0085117227319065;14065.0;0.641308211873445;0.358691788126555;0.263538531
2106508;Matinha;93.0;0.0032500855285665002;21885.0;0.405894448252228;0.594105551747772;0.2237679745
2106631;Matões do Norte;342.0;0.0123825247650495;13794.0;0.339205451645643;0.660794548354357;0.2651829005
2106706;Mirador;567.0;0.03838107893965282;20452.0;0.458292587522003;0.541707412477997;0.28142550675
2106755;Miranda do Norte;440.0;0.06920616458272749;24427.0;0.799074794285012;0.200925205714988;0.24907624
2106805;Mirinzal;315.0;0.020987290943162408;14218.0;0.635180756787171;0.364819243212829;0.240688888
2106904;Monção;3171.0;0.025358166189111502;31738.0;0.370502237065978;0.629497762934022;0.26649311
2107001;Montes Altos;214.0;0.0323651452282155;9413.0;0.544566025709126;0.455433974290874;0.237239099
2107100;Morros;449.0;0.0863428818447685;17783.0;0.377888995107687;0.622111004892313;0.26214166475
2107258;Nova Colinas;43.0;0.03838107893965282;4885.0;0.452405322415558;0.547594677584442;0.2462563275
2107308;Nova Iorque;219.0;0.0;4590.0;0.626579520697168;0.373420479302832;0.27116840275000004
2107357;Nova Olinda do Maranhão;1035.0;0.007223275896856;19134.0;0.619943555973659;0.380056444026341;0.27569275849999997
2107407;Olho d'Água das Cunhãs;156.0;0.0;18601.0;0.515671200473093;0.484328799526907;0.23682111250000001
2107456;Olinda Nova do Maranhão;103.0;0.01919053946982641;13181.0;0.453759198846825;0.546240801153175;0.244254577
2107506;Paço do Lumiar;938.0;0.2555821371610845;105121.0;0.749716992798775;0.250283007201225;0.13984129274999998
2107605;Palmeirândia;211.0;0.03838107893965282;18764.0;0.184342357706246;0.815657642293754;0.2347225635
2107704;Paraibano;322.0;0.03838107893965282;20103.0;0.783266179177237;0.216733820822763;0.24992705850000002
2108009;Pastos Bons;404.0;0.0;18067.0;0.681186693972436;0.318813306027564;0.2380859255
2108108;Paulo Ramos;844.0;0.0;20079.0;0.539120474127198;0.460879525872802;0.2897647855
2108207;Pedreiras;1068.0;0.01919053946982641;39448.0;0.834947272358548;0.165052727641452;0.2015399675
2108256;Pedro do Rosário;871.0;0.0056453984122315;22732.0;0.259106105929967;0.740893894070033;0.27861466325
2108306;Penalva;577.0;0.019036519036518998;34267.0;0.484226807132226;0.515773192867774;0.26619218525
2108405;Peri Mirim;29.0;0.002837885775098;13803.0;0.265739332029269;0.734260667970731;0.23455362525
2108454;Peritoró;147.0;0.0017942583732055;21201.0;0.365643130041036;0.634356869958964;0.25387554575
2108504;Pindaré-Mirim;1904.0;0.007905138339921;31152.0;0.719600667693888;0.280399332306112;0.2311531825
2108603;Pinheiro;2608.0;0.0056150566704795;78162.0;0.594751925488089;0.405248074511911;0.220030439
2108702;Pio XII;601.0;0.0;22016.0;0.565906613372093;0.434093386627907;0.23583829975
2108801;Pirapemas;317.0;0.00078853046595;17381.0;0.641274955411081;0.358725044588919;0.27358363625000004
2108900;Poção de Pedras;489.0;0.0;19708.0;0.425106555713416;0.574893444286584;0.231932189
2109007;Porto Franco;378.0;0.030289052890528998;21530.0;0.783372039015327;0.216627960984673;0.20372952775
2109056;Porto Rico do Maranhão;357.0;0.0119402985074625;6030.0;0.39983416252073;0.60016583747927;0.230541986
2109106;Presidente Dutra;639.0;0.042251770846278;44731.0;0.715387538843308;0.284612461156692;0.2076091175
2109205;Presidente Juscelino;450.0;0.029082426127526997;11541.0;0.356988129278225;0.643011870721775;0.2741656705
2109239;Presidente Médici;630.0;0.02134375796483991;6374.0;0.612488233448384;0.387511766551616;0.240849189
2109270;Presidente Sarney;3105.0;0.010122083140163999;17165.0;0.249810661229246;0.750189338770754;0.28765305125
2109304;Presidente Vargas;840.0;0.11015221680081601;10717.0;0.427451712232901;0.572548287767099;0.26298855175
2109452;Raposa;817.0;0.1099099099099095;26327.0;0.633380180043302;0.366619819956698;0.19181214975
2109502;Riachão;258.0;0.03838107893965282;20209.0;0.504973031817507;0.495026968182493;0.24911610225
2109551;Ribamar Fiquene;60.0;0.0275924802910855;7318.0;0.502459688439464;0.497540311560536;0.19004128
2109601;Rosário;683.0;0.0406395736175885;39576.0;0.587527794623004;0.412472205376996;0.22951346774999998
2109700;Sambaíba;27.0;0.0;5487.0;0.516858028066339;0.483141971933661;0.26963064825
2109759;Santa Filomena do Maranhão;80.0;0.093886462882096;7061.0;0.324741538025775;0.675258461974225;0.22822163275
2109809;Santa Helena;3431.0;0.009544970895662499;39110.0;0.500588084888775;0.499411915111225;0.26175075200000003
2109908;Santa Inês;2082.0;0.0;77282.0;0.947141637121192;0.0528583628788075;0.20116476425000002
2110005;Santa Luzia;2908.0;0.020378585269766;74043.0;0.348297610847751;0.651702389152249;0.2603352
2110039;Santa Luzia do Paruá;2553.0;0.02107173887696341;22644.0;0.5560413354531;0.4439586645469;0.23479009675
2110203;Santa Rita;204.0;0.0442737959802805;32366.0;0.460823085954397;0.539176914045603;0.2182706665
2110302;Santo Antônio dos Lopes;369.0;0.000746092829655;14288.0;0.401175811870101;0.598824188129899;0.21908303225
2110500;São Bento;588.0;0.0;40736.0;0.577081696779262;0.422918303220738;0.224994011
2110658;São Domingos do Azeitão;123.0;0.03838107893965282;6983.0;0.710439639123586;0.289560360876414;0.2520222815
2110708;São Domingos do Maranhão;510.0;0.14005954042236501;33607.0;0.515160532032017;0.484839467967983;0.24979964275
2110807;São Félix de Balsas;56.0;0.0;4702.0;0.346235644406635;0.653764355593365;0.25706409825
2110856;São Francisco do Brejão;145.0;0.009254327563249;10261.0;0.471299093655589;0.528700906344411;0.22054836149999998
2111003;São João Batista;15.0;0.0;19920.0;0.268273092369478;0.731726907630522;0.2382686105
2111029;São João do Carú;546.0;0.018874011937409;12309.0;0.513689170525632;0.486310829474368;0.32541319675
2111052;São João do Paraíso;105.0;0.037199124726477004;10814.0;0.487886073608286;0.512113926391714;0.244786284
2111078;São João do Soter;210.0;0.1228961393499015;17238.0;0.385543566539042;0.614456433460958;0.281396776
2111201;São José de Ribamar;1526.0;0.222917800762112;163045.0;0.231279708056058;0.768720291943942;0.13340126375
2111250;São José dos Basílios;239.0;0.044334277620396496;7496.0;0.401013874066169;0.598986125933831;0.2503295905
2111300;São Luís;10962.0;0.1272378516624045;1014837.0;0.944508329909138;0.0554916700908619;0.130546783
2111409;São Luís Gonzaga do Maranhão;522.0;0.01919053946982641;20153.0;0.391802709274053;0.608197290725947;0.27206197400000004
2111508;São Mateus do Maranhão;1312.0;0.01919053946982641;39093.0;0.734453738520963;0.265546261479037;0.26605485725
2111532;São Pedro da Água Branca;391.0;0.011237092528852;12028.0;0.890588626538078;0.109411373461922;0.26213471525
2111573;São Pedro dos Crentes;15.0;0.03838107893965282;4425.0;0.550734463276836;0.449265536723164;0.2646806705
2111607;São Raimundo das Mangabeiras;65.0;0.03838107893965282;17474.0;0.717237037884857;0.282762962115143;0.2629119585
2111631;São Raimundo do Doca Bezerra;216.0;0.03838107893965282;6090.0;0.28423645320197;0.71576354679803;0.26501638525
2111672;São Roberto;155.0;0.0;5957.0;0.477589390632869;0.522410609367131;0.28506575825
2111706;São Vicente Ferrer;52.0;0.0;20863.0;0.26031730815319;0.73968269184681;0.23037235174999998
2111722;Satubinha;56.0;0.0;11990.0;0.303085904920767;0.696914095079233;0.25529242475
2111748;Senador Alexandre Costa;296.0;0.196100597500971;10256.0;0.601014040561622;0.398985959438378;0.26817232274999997
2111763;Senador La Rocque;804.0;0.017443259283021997;17998.0;0.485553950438938;0.514446049561062;0.249674817
2111789;Serrano do Maranhão;696.0;0.02553908718766891;10940.0;0.386380255941499;0.613619744058501;0.29738963225
2111805;Sítio Novo;163.0;0.030054644808743;17002.0;0.302258557816727;0.697741442183273;0.25285099725
2111904;Sucupira do Norte;233.0;0.03838107893965282;10444.0;0.473381846036002;0.526618153963998;0.28034378574999996
2112001;Tasso Fragoso;70.0;0.0;7796.0;0.596203181118522;0.403796818881478;0.2451685855
2112100;Timbiras;234.0;0.0033982654803635;27997.0;0.624031146194235;0.375968853805765;0.31625831625
2112233;Trizidela do Vale;325.0;0.0;18953.0;0.853163087637841;0.146836912362159;0.22772936675
2112274;Tufilândia;171.0;0.0;5596.0;0.488205861329521;0.511794138670479;0.269225439
2112308;Tuntum;505.0;0.065646714616604;39183.0;0.457519842788965;0.542480157211035;0.24285716999999998
2112407;Turiaçu;5285.0;0.0095052449660385;33933.0;0.322134795037279;0.677865204962721;0.2689711365
2112456;Turilândia;1301.0;0.0196953781512605;22846.0;0.453164667775541;0.546835332224459;0.28915036825
2112704;Vargem Grande;735.0;0.046700441862213504;49412.0;0.540091475754877;0.459908524245123;0.282848643
2112803;Viana;250.0;0.0078529657477025;49496.0;0.543781315661872;0.456218684338128;0.23154063425000002
2112852;Vila Nova dos Martírios;138.0;0.014425358261365;11258.0;0.549653579676674;0.450346420323326;0.2396560505
2112902;Vitória do Mearim;1481.0;0.016673054810272002;31217.0;0.474453022391646;0.525546977608354;0.23646279475
2113009;Vitorino Freire;879.0;0.0;31658.0;0.510960894560617;0.489039105439383;0.236270507
2114007;Zé Doca;3299.0;0.0249692244562985;50173.0;0.615151575548602;0.384848424451398;0.2425639685
5100102;Acorizal;30.0;0.03838107893965282;5516.0;0.530638143582306;0.469361856417694;0.16736858125
5100201;Água Boa;305.0;0.015654351909831;20856.0;0.803557729190641;0.196442270809359;0.13319242274999998
5100250;Alta Floresta;3521.0;0.059968237893574;49164.0;0.868887804084289;0.131112195915711;0.13401276175
5100300;Alto Araguaia;181.0;0.03838107893965282;15644.0;0.883469700843774;0.116530299156226;0.111720322
5100359;Alto Boa Vista;600.0;0.09294025911708251;5247.0;0.605679435868115;0.394320564131885;0.22010065199999998
5100409;Alto Garças;63.0;0.03838107893965282;10350.0;0.913526570048309;0.0864734299516908;0.11218807524999999
5100508;Alto Paraguai;170.0;0.03262746817183741;10066.0;0.634114842042519;0.365885157957481;0.1827517465
5100607;Alto Taquari;63.0;0.03838107893965282;8072.0;0.90721010901883;0.0927898909811695;0.07324220425
5100805;Apiacás;742.0;0.0312011949059275;8567.0;0.744367923427104;0.255632076572896;0.18342830625
5101001;Araguaiana;414.0;0.06578354131144691;3197.0;0.684704410384736;0.315295589615264;0.11921141225000001
5101209;Araguainha;16.0;0.03838107893965282;1096.0;0.861313868613139;0.138686131386861;0.15943775224999998
5101258;Araputanga;900.0;0.005279562368806;15342.0;0.794225003259027;0.205774996740972;0.12707145675
5101308;Arenápolis;249.0;0.018357487922705498;10316.0;0.945133772780147;0.0548662272198527;0.1435973425
5101407;Aripuanã;6366.0;0.0395628859671015;18656.0;0.6261256432247;0.3738743567753;0.21044376475
5101605;Barão de Melgaço;6.0;0.012416446448002499;7591.0;0.450796996443156;0.549203003556844;0.20087321575
5101704;Barra do Bugres;865.0;0.03262879033334;31793.0;0.817664265718869;0.182335734281131;0.1351659385
5101803;Barra do Garças;4264.0;0.0153237601382795;56560.0;0.900760254596888;0.0992397454031117;0.10941619925
5101852;Bom Jesus do Araguaia;210.0;0.065644925866175;5314.0;0.498306360557019;0.501693639442981;0.019516512
5101902;Brasnorte;2041.0;0.060980306991304994;15357.0;0.653643289705021;0.346356710294979;0.16116768974999998
5102504;Cáceres;1339.0;0.050719651356156005;87942.0;0.870664756316663;0.129335243683337;0.15433415275
5102603;Campinápolis;476.0;0.0;14305.0;0.336945124082489;0.663054875917511;0.23362933775
5102637;Campo Novo do Parecis;1435.0;0.0242855590568295;27577.0;0.927729629763934;0.0722703702360663;0.07578405625
5102678;Campo Verde;673.0;0.0180795500200885;31589.0;0.806356643135269;0.193643356864731;0.10430615075
5102686;Campos de Júlio;148.0;0.0650933609958505;5154.0;0.778812572759022;0.221187427240978;0.08369748099999999
5102694;Canabrava do Norte;395.0;0.06467529003867199;4786.0;0.562264939406603;0.437735060593397;0.19954647025
5102702;Canarana;654.0;0.0435722580485755;18754.0;0.789431587927909;0.210568412072091;0.17488802374999998
5102793;Carlinda;886.0;0.0335667561221065;10990.0;0.416287534121929;0.583712465878071;0.166326198
5102850;Castanheira;496.0;0.0661594442606685;8231.0;0.476369821406876;0.523630178593124;0.19089050200000002
5103007;Chapada dos Guimarães;201.0;0.025816748028539;17821.0;0.61932551484204;0.38067448515796;0.14505959300000001
5103056;Cláudia;1266.0;0.053292186405954005;11028.0;0.76550598476605;0.23449401523395;0.1306588725
5103106;Cocalinho;38.0;0.0196008914100485;5490.0;0.664298724954463;0.335701275045537;0.15606813125000002
5103205;Colíder;962.0;0.018334102750115502;30766.0;0.81304036923877;0.18695963076123;0.1417895015
5103254;Colniza;37618.0;0.057214522023049996;26381.0;0.56809825253023;0.43190174746977;0.076018067
5103304;Comodoro;1209.0;0.0284450115586345;18178.0;0.692155352624051;0.307844647375949;0.178491535
5103353;Confresa;850.0;0.112766035118461;25124.0;0.56635089953829;0.43364910046171;0.1906629765
5103361;Conquista D'Oeste;125.0;0.012205659969756;3385.0;0.606499261447563;0.393500738552437;0.041978386
5103379;Cotriguaçu;1284.0;0.07010207051164599;14983.0;0.342521524394314;0.657478475605686;0.21149421124999998
5103403;Cuiabá;3386.0;0.011738484398217;551098.0;0.98133907217954;0.0186609278204602;0.08690551125
5103437;Curvelândia;52.0;0.03181757981476041;4866.0;0.594739005343198;0.405260994656802;0.016378082500000002
5103452;Denise;43.0;0.031944855129505914;8523.0;0.855567288513434;0.144432711486566;0.12661009625
5103502;Diamantino;695.0;0.0420632293304645;20341.0;0.781426675188044;0.218573324811956;0.1197352255
5103601;Dom Aquino;104.0;0.001237769656961;8171.0;0.802594541671766;0.197405458328234;0.1176601085
5103700;Feliz Natal;1215.0;0.0460142730537805;10933.0;0.742979968901491;0.257020031098509;0.18021901925
5103809;Figueirópolis D'Oeste;147.0;0.02268526561037791;3796.0;0.529504741833509;0.470495258166491;0.131435757
5103858;Gaúcha do Norte;553.0;0.053688701795606496;6293.0;0.348959160972509;0.651040839027491;0.126193232
5103908;General Carneiro;462.0;0.03838107893965282;5027.0;0.469067037994828;0.530932962005172;0.16258634575
5103957;Glória D'Oeste;26.0;0.02721973655011841;3135.0;0.684848484848485;0.315151515151515;0.13105471125
5104104;Guarantã do Norte;1506.0;0.072243393671965;32216.0;0.743109014154457;0.256890985845543;0.15271820325000002
5104203;Guiratinga;243.0;0.0017814726840855;13934.0;0.822951054973446;0.177048945026554;0.121596625
5104500;Indiavaí;84.0;0.0053253453153605;2397.0;0.743012098456404;0.256987901543596;0.143420085
5104526;Ipiranga do Norte;169.0;0.136456140350877;5123.0;0.678313488190513;0.321686511809487;0.007272315
5104542;Itanhangá;165.0;0.1747297112358015;5276.0;0.601023502653525;0.398976497346475;0.010549759
5104559;Itaúba;632.0;0.0707437222155475;4575.0;0.811803278688525;0.188196721311475;0.138796737
5104609;Itiquira;86.0;0.02892387280315991;11478.0;0.387001219724691;0.612998780275309;0.09555282975
5104807;Jaciara;551.0;0.0022912788199915;25647.0;0.921082387803642;0.0789176121963582;0.08744282199999999
5104906;Jangada;71.0;0.03838107893965282;7696.0;0.382796257796258;0.617203742203742;0.17131656125
5105002;Jauru;208.0;0.008309788931361;10455.0;0.590243902439024;0.409756097560976;0.15671878125
5105101;Juara;1864.0;0.052700579326682;32791.0;0.793510414442987;0.206489585557013;0.168617882
5105150;Juína;6259.0;0.023129493060307;39255.0;0.865112724493695;0.134887275506305;0.166726732
5105176;Juruena;3567.0;0.096291691047396;11201.0;0.607177930541916;0.392822069458084;0.15758975425
5105200;Juscimeira;196.0;0.02716427305331591;11430.0;0.743744531933508;0.256255468066492;0.14868147875
5105234;Lambari D'Oeste;76.0;0.028122648607976;5431.0;0.533051003498435;0.466948996501565;0.14694444574999999
5105259;Lucas do Rio Verde;1733.0;0.059544208361891504;45556.0;0.931929932390903;0.0680700676090965;0.0675888415
5105309;Luciara;42.0;0.018146093388812002;2224.0;0.912320143884892;0.0876798561151079;0.22803334025000002
5105507;Vila Bela da Santíssima Trindade;138.0;0.055327778835313;14493.0;0.356447940385013;0.643552059614987;0.15308935575000002
5105580;Marcelândia;3338.0;0.0451420277835375;12006.0;0.618524071297684;0.381475928702316;0.14012349475
5105606;Matupá;1176.0;0.0657198467246515;14174.0;0.770918583321575;0.229081416678425;0.154982895
5105622;Mirassol d'Oeste;372.0;0.0383509108341325;25299.0;0.848650144274477;0.151349855725523;0.121848746
5105903;Nobres;275.0;0.0798735691098585;15002.0;0.830155979202773;0.169844020797227;0.160984358
5106000;Nortelândia;158.0;0.021869283219690498;6436.0;0.818676196395277;0.181323803604723;0.14284918875
5106109;Nossa Senhora do Livramento;167.0;0.010328389830508499;11609.0;0.365406150400551;0.634593849599449;0.173659897
5106158;Nova Bandeirantes;484.0;0.0869469737546865;11643.0;0.348879154856996;0.651120845143004;0.198290611
5106174;Nova Nazaré;10.0;0.007433180452317;3029.0;0.369428854407395;0.630571145592605;0.138738996
5106182;Nova Lacerda;495.0;0.060560298332665505;5436.0;0.548197203826343;0.451802796173657;0.16300030125
5106190;Nova Santa Helena;248.0;0.044353462981917495;3468.0;0.573241061130334;0.426758938869666;0.01878162
5106208;Nova Brasilândia;272.0;0.02909189400457341;4587.0;0.797689121430129;0.202310878569871;0.1794989065
5106216;Nova Canaã do Norte;637.0;0.051819206723378;12127.0;0.562051620351282;0.437948379648718;0.17433372775
5106224;Nova Mutum;969.0;0.0566349865386485;31649.0;0.817245410597491;0.182754589402509;0.0835642655
5106232;Nova Olímpia;359.0;0.021175139416471;17515.0;0.904139309163574;0.0958606908364259;0.1445643885
5106240;Nova Ubiratã;1962.0;0.0884616550010605;9218.0;0.643306574094164;0.356693425905836;0.09498926425
5106257;Nova Xavantina;215.0;0.04202741890245041;19643.0;0.801608715572978;0.198391284427022;0.1534848725
5106265;Novo Mundo;367.0;0.103957471943296;7332.0;0.393207855973813;0.606792144026187;0.14310565725
5106273;Novo Horizonte do Norte;145.0;0.057169790395919004;3749.0;0.473993064817285;0.526006935182715;0.16585089
5106281;Novo São Joaquim;203.0;0.0021008403361345;6042.0;0.61519364448858;0.38480635551142;0.14391904375
5106299;Paranaíta;1001.0;0.0964098426784995;10684.0;0.529015350056159;0.470984649943841;0.161315824
5106307;Paranatinga;1741.0;0.052789414189772996;19290.0;0.768014515292898;0.231985484707102;0.176673245
5106315;Novo Santo Antônio;14.0;0.0754593175853015;2005.0;0.671321695760599;0.328678304239401;0.035062543
5106372;Pedra Preta;289.0;0.0295454545454545;15755.0;0.722500793398921;0.277499206601079;0.11040979649999999
5106422;Peixoto de Azevedo;2559.0;0.0464214575699055;30812.0;0.642736596131377;0.357263403868623;0.19761381725000002
5106455;Planalto da Serra;21.0;0.0071308724832215;2726.0;0.753484959647836;0.246515040352164;0.1681097715
5106505;Poconé;95.0;0.0025862068965515;31779.0;0.72569936121338;0.27430063878662;0.174039567
5106653;Pontal do Araguaia;299.0;0.0;5395.0;0.825208526413346;0.174791473586654;0.12010593975
5106703;Ponte Branca;37.0;0.03838107893965282;1768.0;0.853506787330317;0.146493212669683;0.13520113225
5106752;Pontes e Lacerda;1856.0;0.0352988782654525;41408.0;0.837084621329212;0.162915378670788;0.149744841
5106778;Porto Alegre do Norte;274.0;0.0589154351930215;10748.0;0.481857089691105;0.518142910308895;0.184707244
5106802;Porto dos Gaúchos;264.0;0.103620778625079;5449.0;0.507249036520462;0.492750963479538;0.12965728575
5106828;Porto Esperidião;182.0;0.072348094747683;11031.0;0.381017133532771;0.618982866467229;0.17306902125
5106851;Porto Estrela;34.0;0.017090488771466;3649.0;0.401753905179501;0.598246094820499;0.2116159235
5107008;Poxoréo;327.0;;17599.0;0.677481675095176;0.322518324904824;0.16062407174999999
5107040;Primavera do Leste;2097.0;0.0196629213483145;52066.0;0.94631813467522;0.0536818653247801;0.07701546625
5107065;Querência;305.0;0.061124481408118;13033.0;0.458221437888437;0.541778562111563;0.15891057475
5107107;São José dos Quatro Marcos;303.0;0.005449154579694001;18998.0;0.763606695441625;0.236393304558375;0.10159371
5107156;Reserva do Cabaçal;74.0;0.0325106786900805;2572.0;0.630637636080871;0.369362363919129;0.182908206
5107180;Ribeirão Cascalheira;347.0;0.053580333832027996;8881.0;0.626618624028826;0.373381375971174;0.2100393435
5107198;Ribeirãozinho;144.0;0.0;2199.0;0.70668485675307;0.29331514324693;0.13085437875
5107206;Rio Branco;634.0;0.02039562273012441;5070.0;0.817554240631164;0.182445759368836;0.15492700675
5107248;Santa Carmem;349.0;0.0906934306569345;4085.0;0.75422276621787;0.24577723378213;0.09450513975
5107263;Santo Afonso;117.0;0.044921205892429;2991.0;0.515212303577399;0.484787696422601;0.132640803
5107297;São José do Povo;45.0;0.001824817518248;3592.0;0.482739420935412;0.517260579064588;0.14598676575
5107305;São José do Rio Claro;973.0;0.0877852659589855;17124.0;0.768979210464845;0.231020789535155;0.14860975725
5107354;São José do Xingu;691.0;0.0253762047004455;5240.0;0.721946564885496;0.278053435114504;0.17472590775
5107404;São Pedro da Cipa;196.0;0.01983156511085191;4158.0;0.890572390572391;0.109427609427609;0.1577473705
5107578;Rondolândia;638.0;0.018708892942022;3604.0;0.263596004439512;0.736403995560488;0.02906546
5107602;Rondonópolis;1413.0;0.011078690617306501;195476.0;0.961898135832532;0.0381018641674681;0.10252496225
5107701;Rosário Oeste;495.0;0.0157303370786515;17679.0;0.602635895695458;0.397364104304542;0.177025713
5107743;Santa Cruz do Xingu;133.0;0.0449365482233505;1900.0;0.658421052631579;0.341578947368421;0.038488601500000004
5107750;Salto do Céu;149.0;0.0230251710938405;3908.0;0.55885363357216;0.44114636642784;0.1512261815
5107768;Santa Rita do Trivelato;136.0;0.0709837645488915;2491.0;0.548775592131674;0.451224407868326;0.0164627245
5107776;Santa Terezinha;522.0;0.08435565015479901;7397.0;0.402054887116399;0.597945112883601;0.210343092
5107792;Santo Antônio do Leste;80.0;0.008982035928143499;3754.0;0.564464571124134;0.435535428875866;0.06786179499999999
5107800;Santo Antônio do Leverger;80.0;0.022798411586078;18463.0;0.38780263229161;0.61219736770839;0.1235281235
5107859;São Félix do Araguaia;199.0;0.039674609757937004;10625.0;0.581458823529412;0.418541176470588;0.1687294245
5107875;Sapezal;373.0;0.034698120221309414;18094.0;0.835857190228805;0.164142809771195;0.07380675149999999
5107883;Serra Nova Dourada;160.0;0.06710202536437651;1365.0;0.595604395604396;0.404395604395604;0.0367808485
5107909;Sinop;6951.0;0.0939343438351455;113099.0;0.828946321364468;0.171053678635532;0.09123165200000001
5107925;Sorriso;3304.0;0.0787216340923309;66521.0;0.877377068895537;0.122622931104463;0.07942447925
5107941;Tabaporã;932.0;0.1015625;9932.0;0.527889649617398;0.472110350382602;0.18800870425
5107958;Tangará da Serra;2370.0;0.027666442024616;83431.0;0.909985496997519;0.0900145030024811;0.13408803125
5108006;Tapurah;713.0;0.098400126305818;10392.0;0.627983063895304;0.372016936104696;0.09003317475
5108055;Terra Nova do Norte;534.0;0.0638941250392715;11291.0;0.449827296076521;0.550172703923479;0.13207225625000002
5108105;Tesouro;53.0;0.03838107893965282;3418.0;0.702165008777063;0.297834991222937;0.15526776325
5108204;Torixoréu;60.0;0.03838107893965282;4071.0;0.764431343650209;0.235568656349791;0.1496150815
5108303;União do Sul;339.0;0.058751261462858;3760.0;0.621808510638298;0.378191489361702;0.13428538425
5108352;Vale de São Domingos;25.0;0.013116093310339;3052.0;0.233617300131062;0.766382699868938;0.014339681
5108402;Várzea Grande;1907.0;0.03838107893965282;252596.0;0.984591996706203;0.0154080032937972;0.09186516075000001
5108501;Vera;980.0;0.1196337845671225;10235.0;0.718026380068393;0.281973619931607;0.101001351
5108600;Vila Rica;765.0;0.097318631577495;21382.0;0.652979141333832;0.347020858666168;0.17301098575
5108808;Nova Guarita;190.0;0.034057437407953;4932.0;0.393349553933496;0.606650446066504;0.1399195355
5108857;Nova Marilândia;151.0;0.0666908563134975;2951.0;0.663165028803795;0.336834971196205;0.115023594
5108907;Nova Maringá;688.0;0.068888806838112;6590.0;0.519119878603945;0.480880121396055;0.16330678825
5108956;Nova Monte Verde;141.0;0.0689409213679765;8093.0;0.490918077350797;0.509081922649203;0.16702201775
